class_name,crop,disease,symptoms,causes,treatment,prevention
Apple___Apple_scab,Apple,Apple Scab,Olive-green to brown spots on leaves and fruit,Fungus Venturia inaequalis,Apply fungicides like captan or mancozeb,Remove fallen leaves; plant resistant varieties
Apple___Black_rot,Apple,Black Rot,Brown circular lesions on fruit; frog-eye leaf spots,Fungus Botryosphaeria obtusa,Prune infected wood; apply copper fungicides,Maintain tree vigor; remove mummified fruit
Apple___Cedar_apple_rust,Apple,Cedar Apple Rust,Bright orange spots on leaves and fruit,Fungus Gymnosporangium juniperi-virginianae,Apply myclobutanil fungicides,Remove nearby cedar trees; plant resistant varieties
Apple___healthy,Apple,Healthy,No symptoms,None,No treatment needed,Maintain good cultural practices
Blueberry___healthy,Blueberry,Healthy,No symptoms,None,No treatment needed,Maintain good cultural practices
Cherry_(including_sour)___Powdery_mildew,Cherry,Powdery Mildew,White powdery coating on leaves and shoots,Fungus Podosphaera clandestina,Apply sulfur or potassium bicarbonate,Improve air circulation; avoid overhead irrigation
Cherry_(including_sour)___healthy,Cherry,Healthy,No symptoms,None,No treatment needed,Maintain good cultural practices
Corn_(maize)___Cercospora_leaf_spot Gray_leaf_spot,Corn,Gray Leaf Spot,Rectangular gray-brown lesions on leaves,Fungus Cercospora zeae-maydis,Apply strobilurin fungicides,Rotate crops; use resistant hybrids
Corn_(maize)___Common_rust_,Corn,Common Rust,Cinnamon-brown pustules on both leaf surfaces,Fungus Puccinia sorghi,Apply fungicides at early stages,Plant resistant hybrids; early planting
Corn_(maize)___Northern_Leaf_Blight,Corn,Northern Leaf Blight,Long cigar-shaped gray-green lesions,Fungus Exserohilum turcicum,Apply fungicides; remove crop debris,Use resistant varieties; crop rotation
Corn_(maize)___healthy,Corn,Healthy,No symptoms,None,No treatment needed,Maintain good cultural practices
Grape___Black_rot,Grape,Black Rot,Brown circular spots on leaves; black shriveled fruit,Fungus Guignardia bidwellii,Apply mancozeb or myclobutanil,Remove mummified berries; prune for air flow
Grape___Esca_(Black_Measles),Grape,Esca Black Measles,Tiger-stripe pattern on leaves; dark streaking in wood,Fungal complex,Remove infected wood; no effective chemical cure,Avoid large pruning wounds; use wound sealants
Grape___Leaf_blight_(Isariopsis_Leaf_Spot),Grape,Leaf Blight,Dark brown angular spots on leaves,Fungus Isariopsis clavispora,Apply copper-based fungicides,Remove infected leaves; improve air circulation
Grape___healthy,Grape,Healthy,No symptoms,None,No treatment needed,Maintain good cultural practices
Orange___Haunglongbing_(Citrus_greening),Orange,Citrus Greening,Yellow shoots; asymmetric blotchy mottling; small lopsided fruit,Bacterium Candidatus Liberibacter,Remove infected trees; control psyllid vector,Use certified disease-free plants; control Asian citrus psyllid
Peach___Bacterial_spot,Peach,Bacterial Spot,Water-soaked lesions on leaves and fruit; shot-hole appearance,Bacterium Xanthomonas arboricola,Apply copper bactericides,Plant resistant varieties; avoid overhead irrigation
Peach___healthy,Peach,Healthy,No symptoms,None,No treatment needed,Maintain good cultural practices
Pepper,_bell___Bacterial_spot,Pepper,Bacterial Spot,Water-soaked spots on leaves; raised scabby spots on fruit,Bacterium Xanthomonas campestris,Apply copper-based bactericides,Use disease-free seed; avoid working in wet conditions
Pepper,_bell___healthy,Pepper,Healthy,No symptoms,None,No treatment needed,Maintain good cultural practices
Potato___Early_blight,Potato,Early Blight,Dark brown concentric ring spots on older leaves,Fungus Alternaria solani,Apply chlorothalonil or mancozeb,Crop rotation; remove infected debris
Potato___Late_blight,Potato,Late Blight,Water-soaked gray-green lesions; white mold on undersides,Oomycete Phytophthora infestans,Apply metalaxyl or chlorothalonil immediately,Use certified seed; plant resistant varieties
Potato___healthy,Potato,Healthy,No symptoms,None,No treatment needed,Maintain good cultural practices
Raspberry___healthy,Raspberry,Healthy,No symptoms,None,No treatment needed,Maintain good cultural practices
Soybean___healthy,Soybean,Healthy,No symptoms,None,No treatment needed,Maintain good cultural practices
Squash___Powdery_mildew,Squash,Powdery Mildew,White powdery patches on leaves,Fungus Podosphaera xanthii,Apply sulfur or neem oil,Improve air circulation; avoid excess nitrogen
Strawberry___Leaf_scorch,Strawberry,Leaf Scorch,Small purple spots enlarging with tan centers on leaves,Fungus Diplocarpon earlianum,Apply captan fungicide,Remove old leaves; avoid overhead watering
Strawberry___healthy,Strawberry,Healthy,No symptoms,None,No treatment needed,Maintain good cultural practices
Tomato___Bacterial_spot,Tomato,Bacterial Spot,Small water-soaked spots on leaves and fruit,Bacterium Xanthomonas vesicatoria,Apply copper bactericides,Use disease-free seed; crop rotation
Tomato___Early_blight,Tomato,Early Blight,Dark concentric ring spots on lower leaves,Fungus Alternaria solani,Apply mancozeb or chlorothalonil,Crop rotation; remove infected plant debris
Tomato___Late_blight,Tomato,Late Blight,Greasy gray-green water-soaked lesions,Oomycete Phytophthora infestans,Apply metalaxyl fungicides immediately,Use resistant varieties; avoid overhead irrigation
Tomato___Leaf_Mold,Tomato,Leaf Mold,Pale green-yellow spots on upper leaf; olive-green mold below,Fungus Passalora fulva,Apply chlorothalonil; improve ventilation,Reduce humidity; space plants properly
Tomato___Septoria_leaf_spot,Tomato,Septoria Leaf Spot,Small circular spots with dark borders and gray centers,Fungus Septoria lycopersici,Apply mancozeb or copper fungicides,Remove infected leaves; avoid overhead watering
Tomato___Spider_mites Two-spotted_spider_mite,Tomato,Spider Mites,Stippled yellowing leaves; fine webbing on undersides,Mite Tetranychus urticae,Apply miticides or neem oil,Maintain humidity; avoid water stress
Tomato___Target_Spot,Tomato,Target Spot,Brown spots with concentric rings on leaves,Fungus Corynespora cassiicola,Apply azoxystrobin fungicides,Crop rotation; remove plant debris
Tomato___Tomato_Yellow_Leaf_Curl_Virus,Tomato,Yellow Leaf Curl Virus,Upward leaf curling; yellowing; stunted growth,Virus transmitted by whitefly,Remove infected plants; control whitefly,Use resistant varieties; reflective mulches
Tomato___Tomato_mosaic_virus,Tomato,Mosaic Virus,Mosaic light-dark green pattern; distorted leaves,Tobacco mosaic virus,Remove infected plants; disinfect tools,Use resistant varieties; control aphids
Tomato___healthy,Tomato,Healthy,No symptoms,None,No treatment needed,Maintain good cultural practices
